#threads,exec_time,speedup
1S,0.041613,1
1,0.017956,2.317498
2,0.016488,2.523835
3,0.014782,2.815112
4,0.018168,2.290455
5,0.017484,2.380061
6,0.015779,2.637239
