#threads,exec_time,speedup
1S,0.040756,1
1,0.016125,2.527503
