#threads,exec_time,speedup
1S,0.036102,1
1,0.015244,2.368276
