#threads,exec_time,speedup
1S,0.067964,1
1,0.063391,1.072139
2,0.060208,1.128820
3,0.061188,1.110740
4,0.061555,1.104118
