#threads,exec_time,speedup
1S,0.025100,1
1,0.000108,232.407407
2,0.000623,40.288924
3,0.001077,23.305478
4,0.000286,87.762237
5,0.001068,23.501872
6,0.004758,5.275325
7,0.002426,10.346248
8,0.000365,68.767123
9,0.000435,57.701149
