#threads,exec_time,speedup
1S,0.039888,1
1,0.000221,180.488687
2,0.000130,306.830769
3,0.000173,230.566473
4,0.000510,78.211764
