#threads,exec_time,speedup
1S,0.030632,1
1,0.025349,1.208410
2,0.028523,1.073940
3,0.027263,1.123574
4,0.028386,1.079123
