#threads,exec_time,speedup
1S,0.075255,1
1,0.063449,1.186070
2,0.063894,1.177810
3,0.060840,1.236932
4,0.062686,1.200507
5,0.062479,1.204484
6,0.062993,1.194656
