#threads,exec_time,speedup
1S,0.025730,1
1,0.017487,1.471378
2,0.013087,1.966073
3,0.012479,2.061863
4,0.015748,1.633858
5,0.010384,2.477850
