#threads,exec_time,speedup
1S,0.038409,1
1,0.017214,2.231265
2,0.019001,2.021419
3,0.014896,2.578477
4,0.018861,2.036424
5,0.016186,2.372976
6,0.015692,2.447680
